-- =============================================================================
-- Photify - Seed from `main` branch snapshot
-- =============================================================================
-- Generated from production `main` branch (project: mhlmbpnyckrqyznwmbwo)
-- on 2026-05-14.
--
-- This file is idempotent: every INSERT uses `ON CONFLICT (id) DO NOTHING`
-- so it is safe to re-run on a partially-populated database.
--
-- Apply order (parents -> children):
--   1.  tags
--   2.  aspect_ratios
--   3.  sizes               (FK -> aspect_ratios)
--   4.  categories
--   5.  rooms
--   6.  promotions
--   7.  site_settings
--   8.  products
--   9.  art_products        (FK -> products via customization_product_id)
--  10.  product_categories  (FK -> products, categories)
--  11.  product_tags        (FK -> products, tags)
--  12.  art_product_tags    (FK -> art_products, tags)
--  13.  room_hotspots       (FK -> rooms, products, art_products)
--  14.  product_reviews     (FK -> products, art_products)
--
-- The following tables exist on main but are NOT seeded here:
--   - customers              (real customer PII - do not seed into a branch)
--   - orders                 (real order data - do not seed into a branch)
--   - order_items            (empty on main)
--   - ai_tools               (empty on main)
--   - parcel2go_webhook_events (empty on main)
--
-- Usage on a new branch:
--   supabase db push                          # apply migrations first
--   psql "$DATABASE_URL" -f seed-from-main.sql
-- or via Supabase Studio SQL editor: paste contents and Run.
-- =============================================================================

BEGIN;

-- -----------------------------------------------------------------------------
-- 1. tags
-- -----------------------------------------------------------------------------
INSERT INTO public.tags (id, name, slug, color, description, created_at, updated_at) VALUES ('ac071ce9-a573-4254-8949-bb70e80719e3', 'Best Seller', 'best-seller', '#f63a9e', 'Top selling products', '2025-10-30 18:21:18.998838+00', '2025-10-30 18:21:18.998838+00') ON CONFLICT (id) DO NOTHING;
INSERT INTO public.tags (id, name, slug, color, description, created_at, updated_at) VALUES ('4963c634-1538-4037-915f-cd2d5a8ff5cb', 'New', 'new', '#10b981', 'Recently added products', '2025-10-30 18:21:18.998838+00', '2025-10-30 18:21:18.998838+00') ON CONFLICT (id) DO NOTHING;
INSERT INTO public.tags (id, name, slug, color, description, created_at, updated_at) VALUES ('ad66ed30-3bc7-40c5-9857-ec6f4d331391', 'Limited Edition', 'limited-edition', '#f59e0b', 'Limited availability', '2025-10-30 18:21:18.998838+00', '2025-10-30 18:21:18.998838+00') ON CONFLICT (id) DO NOTHING;
INSERT INTO public.tags (id, name, slug, color, description, created_at, updated_at) VALUES ('4baad6e0-5e9f-4043-a668-5015820d680b', 'Popular', 'popular', '#3b82f6', 'Popular among customers', '2025-10-30 18:21:18.998838+00', '2025-10-30 18:21:18.998838+00') ON CONFLICT (id) DO NOTHING;
INSERT INTO public.tags (id, name, slug, color, description, created_at, updated_at) VALUES ('83d6dae5-2157-4b83-a59e-5dc42c3486ee', 'Eco-Friendly', 'eco-friendly', '#22c55e', 'Environmentally conscious materials', '2025-10-30 18:21:18.998838+00', '2025-10-30 18:21:18.998838+00') ON CONFLICT (id) DO NOTHING;

-- -----------------------------------------------------------------------------
-- 2. aspect_ratios
-- -----------------------------------------------------------------------------
INSERT INTO public.aspect_ratios (id, label, width_ratio, height_ratio, orientation, active, created_at) VALUES ('d5f3c059-03e3-4ef3-afd8-b4d13315c60c', '1:1 Square', 1, 1, 'square', true, '2025-10-26 11:47:35.149166+00') ON CONFLICT (id) DO NOTHING;
INSERT INTO public.aspect_ratios (id, label, width_ratio, height_ratio, orientation, active, created_at) VALUES ('ed36b158-80c9-4b92-ba96-269ae5b222b0', '1:2 Portrait', 1, 2, 'portrait', true, '2025-11-03 16:54:47.174912+00') ON CONFLICT (id) DO NOTHING;
INSERT INTO public.aspect_ratios (id, label, width_ratio, height_ratio, orientation, active, created_at) VALUES ('399ab36b-9fd1-48fa-9218-22cafa88416b', '2:1 Landscape ', 2, 1, 'landscape', true, '2026-04-17 17:37:06.839082+00') ON CONFLICT (id) DO NOTHING;
INSERT INTO public.aspect_ratios (id, label, width_ratio, height_ratio, orientation, active, created_at) VALUES ('352eec85-52e8-455d-9b79-ea3e2351f894', '2:3 Portrait', 2, 3, 'portrait', true, '2025-10-26 11:47:35.149166+00') ON CONFLICT (id) DO NOTHING;
INSERT INTO public.aspect_ratios (id, label, width_ratio, height_ratio, orientation, active, created_at) VALUES ('672aee1b-8d97-4b2f-a122-e0ca5cdfb7f3', '3:2 Landscape', 3, 2, 'landscape', true, '2025-10-26 11:47:35.149166+00') ON CONFLICT (id) DO NOTHING;

-- -----------------------------------------------------------------------------
-- 3. sizes
-- -----------------------------------------------------------------------------
-- NOTE: area_in2, long_side_in, short_side_in are GENERATED columns (omitted)
INSERT INTO public.sizes (id, aspect_ratio_id, width_in, height_in, display_label, active, created_at, fixed_price) VALUES ('37cbcaf0-d804-4776-ad68-2feba10f3938', '352eec85-52e8-455d-9b79-ea3e2351f894', 12, 18, '12" × 18"', true, '2025-10-26 11:47:35.149166+00', NULL) ON CONFLICT (id) DO NOTHING;
INSERT INTO public.sizes (id, aspect_ratio_id, width_in, height_in, display_label, active, created_at, fixed_price) VALUES ('b909d248-018c-4776-b271-4b1f540fdd74', '352eec85-52e8-455d-9b79-ea3e2351f894', 16, 24, '16" × 24"', true, '2025-10-26 11:47:35.149166+00', NULL) ON CONFLICT (id) DO NOTHING;
INSERT INTO public.sizes (id, aspect_ratio_id, width_in, height_in, display_label, active, created_at, fixed_price) VALUES ('b8d3468e-283a-4667-86e1-0f8bedfab78e', '352eec85-52e8-455d-9b79-ea3e2351f894', 20, 30, '20" × 30"', true, '2025-10-26 11:47:35.149166+00', NULL) ON CONFLICT (id) DO NOTHING;
INSERT INTO public.sizes (id, aspect_ratio_id, width_in, height_in, display_label, active, created_at, fixed_price) VALUES ('52f8a8a4-84a3-4d15-9f5b-5b10da562090', 'd5f3c059-03e3-4ef3-afd8-b4d13315c60c', 20, 20, '20" × 20"', true, '2025-10-26 11:47:35.149166+00', NULL) ON CONFLICT (id) DO NOTHING;
INSERT INTO public.sizes (id, aspect_ratio_id, width_in, height_in, display_label, active, created_at, fixed_price) VALUES ('5e0946c2-0431-489e-8e0f-cb0e244428e3', 'd5f3c059-03e3-4ef3-afd8-b4d13315c60c', 16, 16, '16" × 16"', true, '2025-10-26 11:47:35.149166+00', 10.00) ON CONFLICT (id) DO NOTHING;
INSERT INTO public.sizes (id, aspect_ratio_id, width_in, height_in, display_label, active, created_at, fixed_price) VALUES ('35e98ad2-ca11-4641-be0a-169d019b23e1', '672aee1b-8d97-4b2f-a122-e0ca5cdfb7f3', 18, 12, '18" × 12"', true, '2025-11-03 12:28:57.016306+00', NULL) ON CONFLICT (id) DO NOTHING;
INSERT INTO public.sizes (id, aspect_ratio_id, width_in, height_in, display_label, active, created_at, fixed_price) VALUES ('4508be39-5204-452b-8afc-c6e118eb002b', 'ed36b158-80c9-4b92-ba96-269ae5b222b0', 16, 32, '16" × 32"', true, '2025-11-03 16:55:05.007104+00', NULL) ON CONFLICT (id) DO NOTHING;
INSERT INTO public.sizes (id, aspect_ratio_id, width_in, height_in, display_label, active, created_at, fixed_price) VALUES ('b9afd4c7-52be-4aaa-b13b-00bc21011cf7', 'ed36b158-80c9-4b92-ba96-269ae5b222b0', 10, 20, '10" × 20"', true, '2025-11-03 16:55:20.143312+00', NULL) ON CONFLICT (id) DO NOTHING;
INSERT INTO public.sizes (id, aspect_ratio_id, width_in, height_in, display_label, active, created_at, fixed_price) VALUES ('b9df7747-36c8-4bf6-bb13-7765cfd948a8', 'ed36b158-80c9-4b92-ba96-269ae5b222b0', 12, 24, '12" × 24"', true, '2026-02-24 01:44:13.454237+00', NULL) ON CONFLICT (id) DO NOTHING;
INSERT INTO public.sizes (id, aspect_ratio_id, width_in, height_in, display_label, active, created_at, fixed_price) VALUES ('892a565d-0a86-4155-b3b5-90f2dcb226b1', 'd5f3c059-03e3-4ef3-afd8-b4d13315c60c', 12, 12, '12" × 12"', true, '2026-04-17 17:43:50.149907+00', NULL) ON CONFLICT (id) DO NOTHING;
INSERT INTO public.sizes (id, aspect_ratio_id, width_in, height_in, display_label, active, created_at, fixed_price) VALUES ('d7a17d53-ac6f-4157-85b2-13a16d469c5d', 'd5f3c059-03e3-4ef3-afd8-b4d13315c60c', 18, 18, '18" × 18"', true, '2026-04-17 17:44:03.956615+00', NULL) ON CONFLICT (id) DO NOTHING;
INSERT INTO public.sizes (id, aspect_ratio_id, width_in, height_in, display_label, active, created_at, fixed_price) VALUES ('908c2f8f-64bd-4059-a01a-921a7afbb715', '672aee1b-8d97-4b2f-a122-e0ca5cdfb7f3', 24, 16, '24" × 16"', true, '2026-04-17 17:46:21.077195+00', NULL) ON CONFLICT (id) DO NOTHING;
INSERT INTO public.sizes (id, aspect_ratio_id, width_in, height_in, display_label, active, created_at, fixed_price) VALUES ('5ce8164d-0911-4d05-9245-bc9b172295b5', '672aee1b-8d97-4b2f-a122-e0ca5cdfb7f3', 30, 20, '30" × 20"', true, '2026-04-17 17:46:58.698753+00', NULL) ON CONFLICT (id) DO NOTHING;
INSERT INTO public.sizes (id, aspect_ratio_id, width_in, height_in, display_label, active, created_at, fixed_price) VALUES ('c5fcb00a-6eb4-4d4c-859a-4a3784de5c9d', '399ab36b-9fd1-48fa-9218-22cafa88416b', 20, 10, '20" × 10"', true, '2026-04-17 17:47:38.253006+00', NULL) ON CONFLICT (id) DO NOTHING;
INSERT INTO public.sizes (id, aspect_ratio_id, width_in, height_in, display_label, active, created_at, fixed_price) VALUES ('dcf6129b-1983-4a3e-8bf7-e69fd5b31fa4', '399ab36b-9fd1-48fa-9218-22cafa88416b', 24, 12, '24" × 12"', true, '2026-04-17 17:47:43.148244+00', NULL) ON CONFLICT (id) DO NOTHING;
INSERT INTO public.sizes (id, aspect_ratio_id, width_in, height_in, display_label, active, created_at, fixed_price) VALUES ('37fd0930-5882-4d2d-b756-0ab51d75ad1e', '399ab36b-9fd1-48fa-9218-22cafa88416b', 32, 16, '32" × 16"', true, '2026-04-17 17:47:49.305412+00', NULL) ON CONFLICT (id) DO NOTHING;

-- -----------------------------------------------------------------------------
-- 4. categories
-- -----------------------------------------------------------------------------
INSERT INTO public.categories (id, name, slug, description, icon, created_at, updated_at, display_order, bg_color, is_active, image_url, seo_title, seo_description, seo_keywords, meta_robots, canonical_url, og_title, og_description, og_image) VALUES ('11111111-1111-1111-1111-111111111111', 'Single Photo', 'single-photo', 'Premium custom frames for your photos', 'Frame', '2025-10-26 22:33:43.345088+00', '2026-03-03 06:32:00.052646+00', 1, '#e8e4df', true, 'https://mhlmbpnyckrqyznwmbwo.supabase.co/storage/v1/object/public/photify/categories/category-11111111-1111-1111-1111-111111111111-1761651296109.png', NULL, NULL, NULL, 'index, follow', NULL, NULL, NULL, NULL) ON CONFLICT (id) DO NOTHING;
INSERT INTO public.categories (id, name, slug, description, icon, created_at, updated_at, display_order, bg_color, is_active, image_url, seo_title, seo_description, seo_keywords, meta_robots, canonical_url, og_title, og_description, og_image) VALUES ('22222222-2222-2222-2222-222222222222', 'Gallery Walls', 'gallery-walls', 'Create stunning gallery wall arrangements', 'Layout', '2025-10-26 22:33:43.345088+00', '2026-03-03 06:32:00.256797+00', 2, '#187af2', true, 'https://mhlmbpnyckrqyznwmbwo.supabase.co/storage/v1/object/public/photify/categories/category-22222222-2222-2222-2222-222222222222-1761650982195.png', NULL, NULL, NULL, 'index, follow', NULL, NULL, NULL, NULL) ON CONFLICT (id) DO NOTHING;
INSERT INTO public.categories (id, name, slug, description, icon, created_at, updated_at, display_order, bg_color, is_active, image_url, seo_title, seo_description, seo_keywords, meta_robots, canonical_url, og_title, og_description, og_image) VALUES ('55555555-5555-5555-5555-555555555555', 'Camera Roll', 'camera-roll', 'Professional photo prints', 'Printer', '2025-10-26 22:33:43.345088+00', '2026-03-03 06:32:00.461573+00', 3, '#e4e8df', false, 'https://mhlmbpnyckrqyznwmbwo.supabase.co/storage/v1/object/public/photify/categories/category-55555555-5555-5555-5555-555555555555-1761652228950.png', NULL, NULL, NULL, 'index, follow', NULL, NULL, NULL, NULL) ON CONFLICT (id) DO NOTHING;
INSERT INTO public.categories (id, name, slug, description, icon, created_at, updated_at, display_order, bg_color, is_active, image_url, seo_title, seo_description, seo_keywords, meta_robots, canonical_url, og_title, og_description, og_image) VALUES ('33333333-3333-3333-3333-333333333333', 'Occasions ', 'occasions', 'High-quality canvas prints', 'Image', '2025-10-26 22:33:43.345088+00', '2026-03-03 06:32:00.66886+00', 4, '#e8dfe0', false, 'https://mhlmbpnyckrqyznwmbwo.supabase.co/storage/v1/object/public/photify/categories/category-33333333-3333-3333-3333-333333333333-1761652808824.png', NULL, NULL, NULL, 'index, follow', NULL, NULL, NULL, NULL) ON CONFLICT (id) DO NOTHING;
INSERT INTO public.categories (id, name, slug, description, icon, created_at, updated_at, display_order, bg_color, is_active, image_url, seo_title, seo_description, seo_keywords, meta_robots, canonical_url, og_title, og_description, og_image) VALUES ('66666666-6666-6666-6666-666666666666', 'Posters', 'posters', 'Vibrant poster prints', 'Sparkles', '2025-10-26 22:33:43.345088+00', '2026-03-03 06:32:00.872165+00', 5, '#e8e0df', true, 'https://mhlmbpnyckrqyznwmbwo.supabase.co/storage/v1/object/public/photify/categories/category-66666666-6666-6666-6666-666666666666-1761654333149.png', NULL, NULL, NULL, 'index, follow', NULL, NULL, NULL, NULL) ON CONFLICT (id) DO NOTHING;
INSERT INTO public.categories (id, name, slug, description, icon, created_at, updated_at, display_order, bg_color, is_active, image_url, seo_title, seo_description, seo_keywords, meta_robots, canonical_url, og_title, og_description, og_image) VALUES ('44444444-4444-4444-4444-444444444444', 'Art Collection', 'art-collection', 'Curated art collection', 'Palette', '2025-10-26 22:33:43.345088+00', '2026-03-03 06:32:01.069535+00', 6, '#dfe8e4', true, 'https://mhlmbpnyckrqyznwmbwo.supabase.co/storage/v1/object/public/photify/categories/category-44444444-4444-4444-4444-444444444444-1761654789250.png', NULL, NULL, NULL, 'index, follow', NULL, NULL, NULL, NULL) ON CONFLICT (id) DO NOTHING;
INSERT INTO public.categories (id, name, slug, description, icon, created_at, updated_at, display_order, bg_color, is_active, image_url, seo_title, seo_description, seo_keywords, meta_robots, canonical_url, og_title, og_description, og_image) VALUES ('77777777-7777-7777-7777-777777777777', 'Photo Books', 'photo-books', 'Custom photo books', 'BookOpen', '2025-10-26 22:33:43.345088+00', '2026-03-03 06:32:01.272218+00', 7, '#dfe4e8', true, 'https://images.unsplash.com/photo-1544947950-fa07a98d237f?w=800&q=80', NULL, NULL, NULL, 'index, follow', NULL, NULL, NULL, NULL) ON CONFLICT (id) DO NOTHING;
INSERT INTO public.categories (id, name, slug, description, icon, created_at, updated_at, display_order, bg_color, is_active, image_url, seo_title, seo_description, seo_keywords, meta_robots, canonical_url, og_title, og_description, og_image) VALUES ('88888888-8888-8888-8888-888888888888', 'Gift Sets', 'gift-sets', 'Perfect gift sets', 'Gift', '2025-10-26 22:33:43.345088+00', '2026-03-03 06:32:01.482447+00', 8, '#e8dfdf', true, 'https://images.unsplash.com/photo-1549465220-1a8b9238cd48?w=800&q=80', NULL, NULL, NULL, 'index, follow', NULL, NULL, NULL, NULL) ON CONFLICT (id) DO NOTHING;

-- -----------------------------------------------------------------------------
-- 5. rooms
-- -----------------------------------------------------------------------------
INSERT INTO public.rooms (id, title, slug, image, product_count, description, created_at, updated_at, seo_title, seo_description, seo_keywords, canonical_url, og_title, og_description, og_image) VALUES ('5f245b68-87a8-41bc-8af8-88e9a65f8d25', 'Modern Living Room', 'modern-living-room', 'https://mhlmbpnyckrqyznwmbwo.supabase.co/storage/v1/object/public/photify/rooms/room-1761747282350.png', 3, 'Contemporary living space with modern art', '2025-10-22 11:32:20.282838+00', '2025-10-29 14:15:00.85165+00', 'Modern Living Room - Room Inspiration | Photify', 'Contemporary living space with modern art', '{"room inspiration","interior design","modern living room","wall art","photo prints","home decor"}', 'https://photify.com/room/modern-living-room', 'Modern Living Room - Room Inspiration', 'Contemporary living space with modern art', 'https://images.unsplash.com/photo-1667584523543-d1d9cc828a15?w=1080') ON CONFLICT (id) DO NOTHING;
INSERT INTO public.rooms (id, title, slug, image, product_count, description, created_at, updated_at, seo_title, seo_description, seo_keywords, canonical_url, og_title, og_description, og_image) VALUES ('2a8edb59-d385-4ffc-9d3c-b46054f6112d', 'Cozy Bedroom', 'cozy-bedroom', 'https://images.unsplash.com/photo-1616594039964-ae9021a400a0?w=1080', 2, 'Comfortable bedroom with wall art', '2025-10-22 11:32:20.282838+00', '2025-10-30 11:54:02.55835+00', 'Cozy Bedroom - Room Inspiration | Photify', 'Comfortable bedroom with wall art', '{"room inspiration","interior design","cozy bedroom","wall art","photo prints","home decor"}', 'https://photify.com/room/cozy-bedroom', 'Cozy Bedroom - Room Inspiration', 'Comfortable bedroom with wall art', 'https://images.unsplash.com/photo-1616594039964-ae9021a400a0?w=1080') ON CONFLICT (id) DO NOTHING;
INSERT INTO public.rooms (id, title, slug, image, product_count, description, created_at, updated_at, seo_title, seo_description, seo_keywords, canonical_url, og_title, og_description, og_image) VALUES ('0f44a445-4e73-4b1b-a629-41cb5f413c99', 'Elegant Dining Room', 'elegant-dining-room', 'https://images.unsplash.com/photo-1704040686487-a39bb894fc93?w=1080', 2, 'Sophisticated dining area', '2025-10-22 11:32:20.282838+00', '2026-01-21 06:20:04.686518+00', 'Elegant Dining Room - Room Inspiration | Photify', 'Sophisticated dining area', '{"room inspiration","interior design","elegant dining room","wall art","photo prints","home decor"}', 'https://photify.com/room/dining-room', 'Elegant Dining Room - Room Inspiration', 'Sophisticated dining area', 'https://images.unsplash.com/photo-1704040686487-a39bb894fc93?w=1080') ON CONFLICT (id) DO NOTHING;
INSERT INTO public.rooms (id, title, slug, image, product_count, description, created_at, updated_at, seo_title, seo_description, seo_keywords, canonical_url, og_title, og_description, og_image) VALUES ('5fe4217a-3907-47db-b0ef-ad43a6ff5683', 'Creative Home Office', 'creative-home-office', 'https://images.unsplash.com/photo-1669723008642-b00fa9d10b76?w=1080', 2, 'Inspiring workspace with art', '2025-10-22 11:32:20.282838+00', '2026-01-27 05:45:38.668045+00', 'Creative Home Office - Room Inspiration | Photify', 'Inspiring workspace with art', '{"room inspiration","interior design","creative home office","wall art","photo prints","home decor"}', 'https://photify.com/room/home-office', 'Creative Home Office - Room Inspiration', 'Inspiring workspace with art', 'https://images.unsplash.com/photo-1669723008642-b00fa9d10b76?w=1080') ON CONFLICT (id) DO NOTHING;

-- -----------------------------------------------------------------------------
-- 6. promotions
-- -----------------------------------------------------------------------------
INSERT INTO public.promotions (id, code, description, type, value, min_order, max_uses, used_count, start_date, end_date, is_active, categories, excluded_product_ids, first_order_only, created_at, updated_at, is_featured) VALUES ('8aba73fd-716e-41ff-9828-48b06658880f', 'DIPESH', 'N?A', 'percentage', 10.00, 50.00, 1, 0, '2026-05-10', '2026-05-10', true, '{all}', '{}', false, '2026-05-10 18:35:59.112495+00', '2026-05-10 18:39:19.643386+00', false) ON CONFLICT (id) DO NOTHING;

-- -----------------------------------------------------------------------------
-- 7. site_settings
-- -----------------------------------------------------------------------------
INSERT INTO public.site_settings (id, setting_key, setting_value, setting_type, category, description, is_public, updated_at, created_at) VALUES ('70018ef7-3f90-47c9-b962-70d224b1a358', 'contact_address', '{"city": "London", "street": "123 Print Street", "country": "United Kingdom", "postcode": "W1A 1AA"}', 'json', 'contact', 'Company address', true, '2025-10-29 13:11:33.720262+00', '2025-10-29 13:11:33.720262+00') ON CONFLICT (id) DO NOTHING;
INSERT INTO public.site_settings (id, setting_key, setting_value, setting_type, category, description, is_public, updated_at, created_at) VALUES ('1c141b18-2225-4af7-ad2e-f3493c9ca481', 'contact_email', '{"value": "support@photify.com"}', 'email', 'contact', 'Customer support email', true, '2025-10-29 13:11:33.720262+00', '2025-10-29 13:11:33.720262+00') ON CONFLICT (id) DO NOTHING;
INSERT INTO public.site_settings (id, setting_key, setting_value, setting_type, category, description, is_public, updated_at, created_at) VALUES ('876a125c-2d6f-45d7-a3bd-3c1014276251', 'contact_phone', '{"value": "+44 20 1234 5678"}', 'text', 'contact', 'Customer support phone', true, '2025-10-29 13:11:33.720262+00', '2025-10-29 13:11:33.720262+00') ON CONFLICT (id) DO NOTHING;
INSERT INTO public.site_settings (id, setting_key, setting_value, setting_type, category, description, is_public, updated_at, created_at) VALUES ('28ae545a-85b6-454c-bbad-10d6ae213ad7', 'support_hours', '{"value": "Monday-Friday, 9am-6pm GMT"}', 'text', 'contact', 'Support hours', true, '2025-10-29 13:11:33.720262+00', '2025-10-29 13:11:33.720262+00') ON CONFLICT (id) DO NOTHING;
INSERT INTO public.site_settings (id, setting_key, setting_value, setting_type, category, description, is_public, updated_at, created_at) VALUES ('b1b3eb48-9315-4c38-b269-a452244746e2', 'email_from_address', '{"value": "noreply@photify.com"}', 'email', 'email', 'Sender email address', false, '2025-10-29 13:11:33.720262+00', '2025-10-29 13:11:33.720262+00') ON CONFLICT (id) DO NOTHING;
INSERT INTO public.site_settings (id, setting_key, setting_value, setting_type, category, description, is_public, updated_at, created_at) VALUES ('79cc2536-c1df-4ca0-b314-6437e36a4172', 'email_from_name', '{"value": "Photify Team"}', 'text', 'email', 'Sender name for emails', false, '2025-10-29 13:11:33.720262+00', '2025-10-29 13:11:33.720262+00') ON CONFLICT (id) DO NOTHING;
INSERT INTO public.site_settings (id, setting_key, setting_value, setting_type, category, description, is_public, updated_at, created_at) VALUES ('fa6db150-c714-4fec-a05f-d98dfb1589a6', 'email_marketing_enabled', '{"value": true}', 'boolean', 'email', 'Enable marketing emails', false, '2025-10-29 13:11:33.720262+00', '2025-10-29 13:11:33.720262+00') ON CONFLICT (id) DO NOTHING;
INSERT INTO public.site_settings (id, setting_key, setting_value, setting_type, category, description, is_public, updated_at, created_at) VALUES ('930bc113-5543-47a7-9754-9b87ac76be79', 'email_order_confirmation', '{"value": true}', 'boolean', 'email', 'Send order confirmation emails', false, '2025-10-29 13:11:33.720262+00', '2025-10-29 13:11:33.720262+00') ON CONFLICT (id) DO NOTHING;
INSERT INTO public.site_settings (id, setting_key, setting_value, setting_type, category, description, is_public, updated_at, created_at) VALUES ('d9de04d2-f616-4a66-8dd3-77962919b12b', 'email_shipping_notification', '{"value": true}', 'boolean', 'email', 'Send shipping notification emails', false, '2025-10-29 13:11:33.720262+00', '2025-10-29 13:11:33.720262+00') ON CONFLICT (id) DO NOTHING;
INSERT INTO public.site_settings (id, setting_key, setting_value, setting_type, category, description, is_public, updated_at, created_at) VALUES ('b9c5e26a-fe97-4e5d-bb06-b7a78f926988', 'feature_ai_tools', '{"value": true}', 'boolean', 'features', 'Enable AI tools section', true, '2025-10-29 13:11:33.720262+00', '2025-10-29 13:11:33.720262+00') ON CONFLICT (id) DO NOTHING;
INSERT INTO public.site_settings (id, setting_key, setting_value, setting_type, category, description, is_public, updated_at, created_at) VALUES ('d720887c-dd63-4c37-ba5c-701f098649e3', 'feature_art_collection', '{"value": true}', 'boolean', 'features', 'Enable art collection', true, '2025-10-29 13:11:33.720262+00', '2025-10-29 13:11:33.720262+00') ON CONFLICT (id) DO NOTHING;
INSERT INTO public.site_settings (id, setting_key, setting_value, setting_type, category, description, is_public, updated_at, created_at) VALUES ('fb5c374a-6642-4d04-828c-1c5358cac376', 'feature_bulk_orders', '{"value": false}', 'boolean', 'features', 'Enable bulk order requests', false, '2025-10-29 13:11:33.720262+00', '2025-10-29 13:11:33.720262+00') ON CONFLICT (id) DO NOTHING;
INSERT INTO public.site_settings (id, setting_key, setting_value, setting_type, category, description, is_public, updated_at, created_at) VALUES ('1025acc4-e583-448f-84f1-af1876002933', 'feature_gift_cards', '{"value": false}', 'boolean', 'features', 'Enable gift cards (future)', true, '2025-10-29 13:11:33.720262+00', '2025-10-29 13:11:33.720262+00') ON CONFLICT (id) DO NOTHING;
INSERT INTO public.site_settings (id, setting_key, setting_value, setting_type, category, description, is_public, updated_at, created_at) VALUES ('45934745-aa5d-4fec-a6b8-0338143fbbe6', 'feature_room_inspiration', '{"value": true}', 'boolean', 'features', 'Enable room inspiration feature', true, '2025-10-29 13:11:33.720262+00', '2025-10-29 13:11:33.720262+00') ON CONFLICT (id) DO NOTHING;
INSERT INTO public.site_settings (id, setting_key, setting_value, setting_type, category, description, is_public, updated_at, created_at) VALUES ('7e34bb51-92e5-4397-ae45-9f97d60c91de', 'allow_guest_checkout', '{"value": true}', 'boolean', 'general', 'Allow checkout without account', true, '2025-10-29 13:11:33.720262+00', '2025-10-29 13:11:33.720262+00') ON CONFLICT (id) DO NOTHING;
INSERT INTO public.site_settings (id, setting_key, setting_value, setting_type, category, description, is_public, updated_at, created_at) VALUES ('2e457e6d-1c9f-4c12-888e-1dfea3beab26', 'maintenance_mode', '{"value": false}', 'boolean', 'general', 'Enable maintenance mode', false, '2025-10-29 13:11:33.720262+00', '2025-10-29 13:11:33.720262+00') ON CONFLICT (id) DO NOTHING;
INSERT INTO public.site_settings (id, setting_key, setting_value, setting_type, category, description, is_public, updated_at, created_at) VALUES ('a79b3df2-ce53-4a8d-85e4-8b6cbd35a7cf', 'max_cart_items', '{"value": 50}', 'number', 'general', 'Maximum items allowed in cart', true, '2025-10-29 13:11:33.720262+00', '2025-10-29 13:11:33.720262+00') ON CONFLICT (id) DO NOTHING;
INSERT INTO public.site_settings (id, setting_key, setting_value, setting_type, category, description, is_public, updated_at, created_at) VALUES ('5343014a-3263-42af-afef-2bd5fa5cf874', 'site_description', '{"value": "Create beautiful custom canvas prints, framed art, and wall decor. Design your perfect piece with our easy online tool."}', 'text', 'general', 'Site description for SEO', true, '2025-10-29 13:11:33.720262+00', '2025-10-29 13:11:33.720262+00') ON CONFLICT (id) DO NOTHING;
INSERT INTO public.site_settings (id, setting_key, setting_value, setting_type, category, description, is_public, updated_at, created_at) VALUES ('21a42f02-f50d-4d1a-b453-2de6b5bd443d', 'site_name', '{"value": "Photify"}', 'text', 'general', 'Site name', true, '2025-10-29 13:11:33.720262+00', '2025-10-29 13:11:33.720262+00') ON CONFLICT (id) DO NOTHING;
INSERT INTO public.site_settings (id, setting_key, setting_value, setting_type, category, description, is_public, updated_at, created_at) VALUES ('312cbf97-17fc-44fd-b979-d3f1ffdd4faa', 'site_tagline', '{"value": "Transform Your Space with Custom Wall Art"}', 'text', 'general', 'Site tagline', true, '2025-10-29 13:11:33.720262+00', '2025-10-29 13:11:33.720262+00') ON CONFLICT (id) DO NOTHING;
INSERT INTO public.site_settings (id, setting_key, setting_value, setting_type, category, description, is_public, updated_at, created_at) VALUES ('95386823-1f9a-4743-8cca-e913e599a525', 'payment_currency', '{"value": "GBP"}', 'text', 'payment', 'Default currency', true, '2025-10-29 13:11:33.720262+00', '2025-10-29 13:11:33.720262+00') ON CONFLICT (id) DO NOTHING;
INSERT INTO public.site_settings (id, setting_key, setting_value, setting_type, category, description, is_public, updated_at, created_at) VALUES ('ba89394c-be6f-4a5a-9f1c-15c0a8551344', 'payment_minimum_order', '{"value": 10, "currency": "GBP"}', 'json', 'payment', 'Minimum order value', true, '2025-10-29 13:11:33.720262+00', '2025-10-29 13:11:33.720262+00') ON CONFLICT (id) DO NOTHING;
INSERT INTO public.site_settings (id, setting_key, setting_value, setting_type, category, description, is_public, updated_at, created_at) VALUES ('cea9b352-0fd3-4741-aed8-dbd2c4476413', 'payment_tax_included', '{"value": true}', 'boolean', 'payment', 'Whether prices include tax', true, '2025-10-29 13:11:33.720262+00', '2025-10-29 13:11:33.720262+00') ON CONFLICT (id) DO NOTHING;
INSERT INTO public.site_settings (id, setting_key, setting_value, setting_type, category, description, is_public, updated_at, created_at) VALUES ('8a1551f0-6505-47d6-a035-0c6db79d307c', 'payment_tax_rate', '{"value": 0.20}', 'number', 'payment', 'Tax rate (e.g., 0.20 for 20% VAT)', false, '2025-10-29 13:11:33.720262+00', '2025-10-29 13:11:33.720262+00') ON CONFLICT (id) DO NOTHING;
INSERT INTO public.site_settings (id, setting_key, setting_value, setting_type, category, description, is_public, updated_at, created_at) VALUES ('74e4dd50-a6c4-419d-b4d0-6655596c6c64', 'product_default_price_per_sqin', '{"value": 0.25, "currency": "GBP"}', 'json', 'product', 'Default price per square inch for canvas', false, '2025-10-29 13:11:33.720262+00', '2025-10-29 13:11:33.720262+00') ON CONFLICT (id) DO NOTHING;
INSERT INTO public.site_settings (id, setting_key, setting_value, setting_type, category, description, is_public, updated_at, created_at) VALUES ('1e0d5640-6bab-405b-b893-410568c0c9bb', 'product_max_dimensions', '{"unit": "inches", "width": 60, "height": 60}', 'json', 'product', 'Maximum product dimensions', true, '2025-10-29 13:11:33.720262+00', '2025-10-29 13:11:33.720262+00') ON CONFLICT (id) DO NOTHING;
INSERT INTO public.site_settings (id, setting_key, setting_value, setting_type, category, description, is_public, updated_at, created_at) VALUES ('ce0782fe-9f8b-4edb-ab0d-e08cf9043e7b', 'product_min_dimensions', '{"unit": "inches", "width": 8, "height": 8}', 'json', 'product', 'Minimum product dimensions', true, '2025-10-29 13:11:33.720262+00', '2025-10-29 13:11:33.720262+00') ON CONFLICT (id) DO NOTHING;
INSERT INTO public.site_settings (id, setting_key, setting_value, setting_type, category, description, is_public, updated_at, created_at) VALUES ('9a9e5cfe-3ddb-4bf0-9ca5-4859d71773a1', 'product_reviews_enabled', '{"value": false}', 'boolean', 'product', 'Enable product reviews (future feature)', true, '2025-10-29 13:11:33.720262+00', '2025-10-29 13:11:33.720262+00') ON CONFLICT (id) DO NOTHING;
INSERT INTO public.site_settings (id, setting_key, setting_value, setting_type, category, description, is_public, updated_at, created_at) VALUES ('5566c0aa-8755-4bf3-82e0-05ceac73df51', 'product_wishlist_enabled', '{"value": false}', 'boolean', 'product', 'Enable wishlist feature (future)', true, '2025-10-29 13:11:33.720262+00', '2025-10-29 13:11:33.720262+00') ON CONFLICT (id) DO NOTHING;
INSERT INTO public.site_settings (id, setting_key, setting_value, setting_type, category, description, is_public, updated_at, created_at) VALUES ('f55ed5db-6dd9-4bb0-880a-42171d151540', 'shipping_countries', '["UK", "US", "CA", "AU", "EU"]', 'json', 'shipping', 'Countries available for shipping', true, '2025-10-29 13:11:33.720262+00', '2025-10-29 13:11:33.720262+00') ON CONFLICT (id) DO NOTHING;
INSERT INTO public.site_settings (id, setting_key, setting_value, setting_type, category, description, is_public, updated_at, created_at) VALUES ('6715d52a-39e3-41e5-bc3b-64235ae09c36', 'shipping_default_days', '{"value": 7}', 'json', 'shipping', 'Default estimated delivery days', true, '2025-10-29 13:11:33.720262+00', '2025-10-29 13:11:33.720262+00') ON CONFLICT (id) DO NOTHING;
INSERT INTO public.site_settings (id, setting_key, setting_value, setting_type, category, description, is_public, updated_at, created_at) VALUES ('fbacdd77-5276-4011-a1c6-5242b5cf2926', 'shipping_express_available', '{"value": true}', 'boolean', 'shipping', 'Enable express shipping option', false, '2025-10-29 13:11:33.720262+00', '2025-10-29 13:11:33.720262+00') ON CONFLICT (id) DO NOTHING;
INSERT INTO public.site_settings (id, setting_key, setting_value, setting_type, category, description, is_public, updated_at, created_at) VALUES ('0311b2fb-5643-4666-81e3-be386f03816c', 'shipping_express_cost', '{"value": 6.99, "currency": "GBP"}', 'json', 'shipping', 'Express shipping cost', false, '2026-05-04 11:59:04.50232+00', '2025-10-29 13:11:33.720262+00') ON CONFLICT (id) DO NOTHING;
INSERT INTO public.site_settings (id, setting_key, setting_value, setting_type, category, description, is_public, updated_at, created_at) VALUES ('f2e2c2cf-c9df-4d13-9adc-ca42a5d1246c', 'shipping_flat_rate', '{"value": 4.99, "currency": "GBP"}', 'json', 'shipping', 'Flat rate shipping cost', true, '2026-05-04 11:59:30.310056+00', '2025-10-29 13:11:33.720262+00') ON CONFLICT (id) DO NOTHING;
INSERT INTO public.site_settings (id, setting_key, setting_value, setting_type, category, description, is_public, updated_at, created_at) VALUES ('0f9e9df4-97e0-47c7-b7c2-80fd3dc76bfe', 'shipping_free_threshold', '{"value": 100, "currency": "GBP"}', 'json', 'shipping', 'Minimum order value for free shipping', true, '2025-10-29 13:11:33.720262+00', '2025-10-29 13:11:33.720262+00') ON CONFLICT (id) DO NOTHING;
INSERT INTO public.site_settings (id, setting_key, setting_value, setting_type, category, description, is_public, updated_at, created_at) VALUES ('9eb5b66e-c303-4ef2-a00b-4821b32e7058', 'social_facebook', '{"value": "https://facebook.com/photify"}', 'text', 'social', 'Facebook page URL', true, '2025-10-29 13:11:33.720262+00', '2025-10-29 13:11:33.720262+00') ON CONFLICT (id) DO NOTHING;
INSERT INTO public.site_settings (id, setting_key, setting_value, setting_type, category, description, is_public, updated_at, created_at) VALUES ('d04bae2c-4678-47a4-a3bc-882c578ed945', 'social_instagram', '{"value": "https://instagram.com/photify"}', 'text', 'social', 'Instagram profile URL', true, '2025-10-29 13:11:33.720262+00', '2025-10-29 13:11:33.720262+00') ON CONFLICT (id) DO NOTHING;
INSERT INTO public.site_settings (id, setting_key, setting_value, setting_type, category, description, is_public, updated_at, created_at) VALUES ('a0b0c714-91b0-491b-8110-f14f5cb9c79a', 'social_pinterest', '{"value": "https://pinterest.com/photify"}', 'text', 'social', 'Pinterest profile URL', true, '2025-10-29 13:11:33.720262+00', '2025-10-29 13:11:33.720262+00') ON CONFLICT (id) DO NOTHING;
INSERT INTO public.site_settings (id, setting_key, setting_value, setting_type, category, description, is_public, updated_at, created_at) VALUES ('2856c7ad-3d5c-4dd5-89c9-f30ff4aa1337', 'social_sharing_enabled', '{"value": true}', 'boolean', 'social', 'Enable social sharing buttons', true, '2025-10-29 13:11:33.720262+00', '2025-10-29 13:11:33.720262+00') ON CONFLICT (id) DO NOTHING;
INSERT INTO public.site_settings (id, setting_key, setting_value, setting_type, category, description, is_public, updated_at, created_at) VALUES ('5f8f7b65-a56e-43a5-9395-d574ba142f37', 'social_twitter', '{"value": "https://twitter.com/photify"}', 'text', 'social', 'Twitter profile URL', true, '2025-10-29 13:11:33.720262+00', '2025-10-29 13:11:33.720262+00') ON CONFLICT (id) DO NOTHING;

-- -----------------------------------------------------------------------------
-- 8. products
-- -----------------------------------------------------------------------------
-- NOTE: search_text is a GENERATED column (omitted)
INSERT INTO public.products (id, name, slug, description, price, old_price, images, is_featured, is_bestseller, stock_quantity, created_at, updated_at, product_type, active, config, config_status, config_version, config_updated_at, seo_title, seo_description, seo_keywords, meta_robots, canonical_url, og_title, og_description, og_image, content_sections, features, specifications, trust_badges, average_rating, review_count, featured_index, featured_image, fixed_price) VALUES ('ae6442ed-4ad2-4d55-92ec-0cfe77423452', 'Collage on Single Canvas', 'collage-on-single-canvas', 'Turn your photos into premium canvas prints with rich colors and sharp detail. This custom nine-photo collage is stretched on a sturdy frame and ready to hang, creating a beautiful décor piece or a meaningful gift designed to last.', 0.15, NULL, '{https://mhlmbpnyckrqyznwmbwo.supabase.co/storage/v1/object/public/photify/products/product-ae6442ed-4ad2-4d55-92ec-0cfe77423452-1776695394870-6mtcxrzik.png,https://mhlmbpnyckrqyznwmbwo.supabase.co/storage/v1/object/public/photify/products/product-ae6442ed-4ad2-4d55-92ec-0cfe77423452-1776695394867-ij5a56ra7.png,https://mhlmbpnyckrqyznwmbwo.supabase.co/storage/v1/object/public/photify/products/product-ae6442ed-4ad2-4d55-92ec-0cfe77423452-1776695394870-rh3m2sa2m.png,https://mhlmbpnyckrqyznwmbwo.supabase.co/storage/v1/object/public/photify/products/product-ae6442ed-4ad2-4d55-92ec-0cfe77423452-1777893532781-0e5j8l014.png}', true, false, 0, '2025-10-26 13:21:15.02018+00', '2026-05-04 11:26:46.737313+00', 'canvas', true, '{"version": 26, "sizePrices": {"35e98ad2-ca11-4641-be0a-169d019b23e1": 29.66, "37cbcaf0-d804-4776-ad68-2feba10f3938": 29.65, "52f8a8a4-84a3-4d15-9f5b-5b10da562090": 39.6, "5ce8164d-0911-4d05-9245-bc9b172295b5": 50.5, "5e0946c2-0431-489e-8e0f-cb0e244428e3": 31.82, "892a565d-0a86-4155-b3b5-90f2dcb226b1": 25.78, "908c2f8f-64bd-4059-a01a-921a7afbb715": 38.74, "b8d3468e-283a-4667-86e1-0f8bedfab78e": 50.4, "b909d248-018c-4776-b271-4b1f540fdd74": 38.74, "d7a17d53-ac6f-4157-85b2-13a16d469c5d": 35.5}, "allowedSizes": ["b8d3468e-283a-4667-86e1-0f8bedfab78e", "b909d248-018c-4776-b271-4b1f540fdd74", "35e98ad2-ca11-4641-be0a-169d019b23e1", "908c2f8f-64bd-4059-a01a-921a7afbb715", "5ce8164d-0911-4d05-9245-bc9b172295b5", "52f8a8a4-84a3-4d15-9f5b-5b10da562090", "5e0946c2-0431-489e-8e0f-cb0e244428e3", "892a565d-0a86-4155-b3b5-90f2dcb226b1", "d7a17d53-ac6f-4157-85b2-13a16d469c5d", "37cbcaf0-d804-4776-ad68-2feba10f3938"], "allowedRatios": ["352eec85-52e8-455d-9b79-ea3e2351f894", "672aee1b-8d97-4b2f-a122-e0ca5cdfb7f3", "d5f3c059-03e3-4ef3-afd8-b4d13315c60c"], "configurerType": "photo-collage-creator"}', 'active', 26, '2026-05-04 11:26:46.666+00', 'Collage Print on Single Canvas', E'Your Story, Beautifully Framed\nTurn your favorite photos into a premium 9-panel canvas print featuring rich colors and razor-sharp detail. Whether it''s a collection of family milestones, travel adventures, or candid everyday joys, this collage layout brings your best memories together in one stunning display.\n\nProduct Highlights:\nVibrant Quality: Printed with archival-grade inks for deep blacks and brilliant hues that won''t fade over time.\n\nBuilt to Last: Hand-stretched over a sturdy, warp-resistant frame for a professional gallery look.\n\nReady to Hang: Comes fully assembled with pre-installed hardware—just find the perfect spot on your wall.\n\nThe Perfect Gift: A meaningful, personalized centerpiece for your home or a thoughtful gift that will be cherished for a lifetime.\n\nPreserve what matters. Order your custom collage today.', '{canvas,collage,photify}', 'index,follow', '', '', '', '', '[]', '[{"icon": "check", "text": "Ready to Hang"}, {"icon": "sparkles", "text": "Real-life colours "}, {"icon": "zap", "text": "Super simple to create"}, {"icon": "badge-check", "text": "High-end quality"}]', '[{"label": "Product Type", "value": "Custom Photo Canvas Print"}, {"label": "Finish", "value": "Canvas Matt"}, {"label": "Frame Thickness", "value": "2 Inches"}, {"label": "Mounting", "value": "Ready to Hang"}, {"label": "Orientation", "value": "Square, Portrait, Landscape"}, {"label": "Usage", "value": "Home, Office, Gifts"}]', '[]', 4.6, 312, 2, 'https://mhlmbpnyckrqyznwmbwo.supabase.co/storage/v1/object/public/photify/featured-products/featured-ae6442ed-4ad2-4d55-92ec-0cfe77423452-1776697356905.jpg', 74.99) ON CONFLICT (id) DO NOTHING;

INSERT INTO public.products (id, name, slug, description, price, old_price, images, is_featured, is_bestseller, stock_quantity, created_at, updated_at, product_type, active, config, config_status, config_version, config_updated_at, seo_title, seo_description, seo_keywords, meta_robots, canonical_url, og_title, og_description, og_image, content_sections, features, specifications, trust_badges, average_rating, review_count, featured_index, featured_image, fixed_price) VALUES ('62bf2021-be35-418f-b498-1587cf23d10f', '3 Panel Canvas', '3-panel-canvas', 'Turn your photos into a stunning 3-panel canvas with rich colors and sharp detail. Each image is printed on premium canvas and stretched over a sturdy frame, creating a modern wall display that''s ready to hang and designed to last.', 0.19, NULL, '{https://mhlmbpnyckrqyznwmbwo.supabase.co/storage/v1/object/public/photify/products/product-62bf2021-be35-418f-b498-1587cf23d10f-1777902893522-4balxzzus.jpg,https://mhlmbpnyckrqyznwmbwo.supabase.co/storage/v1/object/public/photify/products/product-62bf2021-be35-418f-b498-1587cf23d10f-1777903631525-wz7bmtor7.jpg,https://mhlmbpnyckrqyznwmbwo.supabase.co/storage/v1/object/public/photify/products/product-62bf2021-be35-418f-b498-1587cf23d10f-1777922643612-40heg7hg9.jpg}', true, false, 0, '2025-10-26 13:21:15.02018+00', '2026-05-07 20:07:34.195321+00', 'canvas', true, '{"version": 14, "sizePrices": {"37cbcaf0-d804-4776-ad68-2feba10f3938": 78.35, "4508be39-5204-452b-8afc-c6e118eb002b": 120.51, "52f8a8a4-84a3-4d15-9f5b-5b10da562090": 104.54, "5e0946c2-0431-489e-8e0f-cb0e244428e3": 83.99, "892a565d-0a86-4155-b3b5-90f2dcb226b1": 68.99, "b8d3468e-283a-4667-86e1-0f8bedfab78e": 132.99, "b909d248-018c-4776-b271-4b1f540fdd74": 102.27, "b9afd4c7-52be-4aaa-b13b-00bc21011cf7": 75.99, "b9df7747-36c8-4bf6-bb13-7765cfd948a8": 85.8, "d7a17d53-ac6f-4157-85b2-13a16d469c5d": 93.72}, "allowedSizes": ["4508be39-5204-452b-8afc-c6e118eb002b", "b9afd4c7-52be-4aaa-b13b-00bc21011cf7", "b9df7747-36c8-4bf6-bb13-7765cfd948a8", "5e0946c2-0431-489e-8e0f-cb0e244428e3", "52f8a8a4-84a3-4d15-9f5b-5b10da562090", "37cbcaf0-d804-4776-ad68-2feba10f3938", "b909d248-018c-4776-b271-4b1f540fdd74", "b8d3468e-283a-4667-86e1-0f8bedfab78e", "892a565d-0a86-4155-b3b5-90f2dcb226b1", "d7a17d53-ac6f-4157-85b2-13a16d469c5d"], "allowedRatios": ["ed36b158-80c9-4b92-ba96-269ae5b222b0", "d5f3c059-03e3-4ef3-afd8-b4d13315c60c", "352eec85-52e8-455d-9b79-ea3e2351f894"], "configurerType": "multi-canvas-wall", "roomBackgrounds": [{"id": "room-1762372114279", "name": "Hahaha", "imageUrl": "https://mhlmbpnyckrqyznwmbwo.supabase.co/storage/v1/object/public/photify/room-backgrounds/room-bg-1762372113645.png", "isActive": true}]}', 'active', 14, '2026-05-07 20:07:34.129+00', '', E'Turn your favourite moments into a striking centrepiece with our 3 Panel Canvas Wall Art — designed to bring depth, emotion, and modern style into any space.\n\nEach set includes three perfectly aligned vertical panels (10" x 20" each), creating a balanced 1:1 overall layout with elegant 1:2 individual canvases. This format naturally draws the eye across the artwork, making it ideal for storytelling images like family portraits, travel memories, or cinematic landscapes.\n\nCrafted using premium gallery-wrapped canvas, every panel is stretched over a durable wooden frame, delivering a clean, frameless edge that feels contemporary and ready to hang straight out of the box.\n\nWhether displayed in a living room, hallway, or kitchen feature wall, this multi-panel design adds dimension and sophistication without overwhelming the space. The spacing between panels creates a subtle visual rhythm, giving your wall a curated, designer look.', '{canvas,3panelcanvas,photify}', 'index,follow', '', '', '', '', '[]', '[]', '[]', '[]', 4.7, 78, 4, 'https://mhlmbpnyckrqyznwmbwo.supabase.co/storage/v1/object/public/photify/featured-products/featured-62bf2021-be35-418f-b498-1587cf23d10f-1778183512280.jpg', 80.00) ON CONFLICT (id) DO NOTHING;

INSERT INTO public.products (id, name, slug, description, price, old_price, images, is_featured, is_bestseller, stock_quantity, created_at, updated_at, product_type, active, config, config_status, config_version, config_updated_at, seo_title, seo_description, seo_keywords, meta_robots, canonical_url, og_title, og_description, og_image, content_sections, features, specifications, trust_badges, average_rating, review_count, featured_index, featured_image, fixed_price) VALUES ('00845beb-23c6-4d3b-8f55-a62eb956f182', 'Single Canvas', 'single-canvas', 'Turn your photos into premium canvas prints with rich colors and sharp detail. Stretched on a sturdy frame and ready to hang, perfect for décor or meaningful gifts that last.', 0.15, NULL, '{https://mhlmbpnyckrqyznwmbwo.supabase.co/storage/v1/object/public/photify/products/product-00845beb-23c6-4d3b-8f55-a62eb956f182-1776445995546-75owakmb0.png,https://mhlmbpnyckrqyznwmbwo.supabase.co/storage/v1/object/public/photify/products/product-00845beb-23c6-4d3b-8f55-a62eb956f182-1776445995547-ptjp2uhha.png,https://mhlmbpnyckrqyznwmbwo.supabase.co/storage/v1/object/public/photify/products/product-00845beb-23c6-4d3b-8f55-a62eb956f182-1776445995547-7toyde9ot.png,https://mhlmbpnyckrqyznwmbwo.supabase.co/storage/v1/object/public/photify/products/product-00845beb-23c6-4d3b-8f55-a62eb956f182-1776445995547-ib3bx0isf.png}', true, false, 0, '2025-10-26 13:21:15.02018+00', '2026-04-17 21:14:18.662921+00', 'canvas', true, '{"version": 3, "sizePrices": {"35e98ad2-ca11-4641-be0a-169d019b23e1": 29.66, "37cbcaf0-d804-4776-ad68-2feba10f3938": 29.66, "37fd0930-5882-4d2d-b756-0ab51d75ad1e": 46.65, "4508be39-5204-452b-8afc-c6e118eb002b": 45.65, "52f8a8a4-84a3-4d15-9f5b-5b10da562090": 39.6, "5ce8164d-0911-4d05-9245-bc9b172295b5": 50.5, "5e0946c2-0431-489e-8e0f-cb0e244428e3": 31.82, "7700c0ca-2514-4c74-8294-c20361eb02ee": 50, "892a565d-0a86-4155-b3b5-90f2dcb226b1": 25.78, "908c2f8f-64bd-4059-a01a-921a7afbb715": 38.74, "b8d3468e-283a-4667-86e1-0f8bedfab78e": 50.4, "b909d248-018c-4776-b271-4b1f540fdd74": 38.74, "b9afd4c7-52be-4aaa-b13b-00bc21011cf7": 28.8, "b9df7747-36c8-4bf6-bb13-7765cfd948a8": 32.5, "c5fcb00a-6eb4-4d4c-859a-4a3784de5c9d": 28.8, "d7a17d53-ac6f-4157-85b2-13a16d469c5d": 35.5, "dcf6129b-1983-4a3e-8bf7-e69fd5b31fa4": 32.5}, "allowedSizes": ["7700c0ca-2514-4c74-8294-c20361eb02ee", "35e98ad2-ca11-4641-be0a-169d019b23e1", "908c2f8f-64bd-4059-a01a-921a7afbb715", "5ce8164d-0911-4d05-9245-bc9b172295b5", "37cbcaf0-d804-4776-ad68-2feba10f3938", "b909d248-018c-4776-b271-4b1f540fdd74", "b8d3468e-283a-4667-86e1-0f8bedfab78e", "c5fcb00a-6eb4-4d4c-859a-4a3784de5c9d", "dcf6129b-1983-4a3e-8bf7-e69fd5b31fa4", "37fd0930-5882-4d2d-b756-0ab51d75ad1e", "b9afd4c7-52be-4aaa-b13b-00bc21011cf7", "b9df7747-36c8-4bf6-bb13-7765cfd948a8", "4508be39-5204-452b-8afc-c6e118eb002b", "892a565d-0a86-4155-b3b5-90f2dcb226b1", "5e0946c2-0431-489e-8e0f-cb0e244428e3", "d7a17d53-ac6f-4157-85b2-13a16d469c5d", "52f8a8a4-84a3-4d15-9f5b-5b10da562090"], "allowedRatios": ["7f1c62d9-51d0-4452-bfce-dc59f5d46cd5", "d5f3c059-03e3-4ef3-afd8-b4d13315c60c", "ed36b158-80c9-4b92-ba96-269ae5b222b0", "399ab36b-9fd1-48fa-9218-22cafa88416b", "352eec85-52e8-455d-9b79-ea3e2351f894", "672aee1b-8d97-4b2f-a122-e0ca5cdfb7f3"], "configurerType": "single-canvas"}', 'active', 3, '2026-04-17 18:08:24.663+00', 'Single Canvas Print - Custom Photo Canvas | Photify', E'Create stunning wall art with our premium custom canvas prints, designed to transform your favorite photos into timeless décor. Printed on high-quality artist-grade canvas using advanced, fade-resistant inks, every detail is captured with exceptional clarity and vibrant color.\n\nOur gallery-wrapped canvases are hand-stretched over durable wooden frames, giving a clean, modern edge that looks beautiful in any space. Whether you''re decorating a living room, bedroom, kitchen, or office, these prints add a personal and stylish touch to your home.\n\nPerfect for wedding photos, family portraits, pet pictures, or travel memories, our canvas prints also make thoughtful gifts for birthdays, anniversaries, and special occasions.\n\nChoose from multiple sizes and square or landscape formats to suit your space. Each canvas arrives ready to hang, making it easy to create a professional gallery look in minutes.\n\nUpload your photo, customize your size, and bring your memories to life with a high-quality canvas print made to last.\n', '{"Custom canvas prints","Photo canvas prints","Personalized canvas wall art","Canvas photo printing","Custom photo gifts","Canvas wall decor","Gallery wrapped canvas","Photo to canvas print","High quality canvas prints","Family photo canvas"}', 'index,follow', 'https://photify.com/product/single-canvas', 'Single Canvas Print - Custom Photo Canvas | Photify', E'Turn your favorite memories into beautiful canvas prints. From family moments to pet photos, create timeless wall art that adds warmth and personality to any space. Upload your photo and bring it to life today.\n', 'https://images.unsplash.com/photo-1686644472082-75dd48820a5d?w=1200', '[]', '[{"icon": "check", "text": "Ready to Hang"}, {"icon": "sparkles", "text": "Real-life colours "}, {"icon": "zap", "text": "Super simple to create"}, {"icon": "badge-check", "text": "High-end quality"}]', '[{"label": "Product Type", "value": "Custom Photo Canvas Print"}, {"label": "Finish", "value": "Canvas Matt"}, {"label": "Frame Thickness", "value": "2 Inches"}, {"label": "Mounting", "value": "Ready to Hang"}, {"label": "Orientation", "value": "Square, Portrait, Landscape"}, {"label": "Usage", "value": "Home, Office, Gifts"}]', '[]', 4.9, 127, 1, 'https://mhlmbpnyckrqyznwmbwo.supabase.co/storage/v1/object/public/photify/featured-products/featured-00845beb-23c6-4d3b-8f55-a62eb956f182-1776446982573.png', 120.00) ON CONFLICT (id) DO NOTHING;

INSERT INTO public.products (id, name, slug, description, price, old_price, images, is_featured, is_bestseller, stock_quantity, created_at, updated_at, product_type, active, config, config_status, config_version, config_updated_at, seo_title, seo_description, seo_keywords, meta_robots, canonical_url, og_title, og_description, og_image, content_sections, features, specifications, trust_badges, average_rating, review_count, featured_index, featured_image, fixed_price) VALUES ('6d1ad643-ebc5-4208-a8d3-d109ac20c998', 'Dual Metal Harmony', 'dual-metal-harmony', 'Two stunning metal prints side by side', 0.35, 0.40, '{https://images.unsplash.com/photo-1758945631260-a0077e8cc873?crop=entropy&cs=tinysrgb&fit=max&fm=jpg&w=1080,https://images.unsplash.com/photo-1731251447169-1be7bfdc9d0f?crop=entropy&cs=tinysrgb&fit=max&fm=jpg&w=1080,https://images.unsplash.com/photo-1677658992335-bfe2677dd45e?crop=entropy&cs=tinysrgb&fit=max&fm=jpg&w=1080}', false, false, 0, '2025-10-26 13:21:15.02018+00', '2026-05-08 10:17:55.145632+00', 'metal_print', false, '{"version": 6, "sizePrices": {"5e0946c2-0431-489e-8e0f-cb0e244428e3": 10}, "allowedSizes": ["5e0946c2-0431-489e-8e0f-cb0e244428e3"], "allowedRatios": ["ed36b158-80c9-4b92-ba96-269ae5b222b0", "d5f3c059-03e3-4ef3-afd8-b4d13315c60c"], "configurerType": "event-canvas"}', 'active', 6, '2026-05-07 20:12:41.589+00', '', '', '{}', 'index,follow', '', '', '', '', '[]', '[]', '[]', '[{"icon": "Shield", "title": "tested", "subtitle": "subtitle"}]', 4.6, 5, NULL, NULL, 40.01) ON CONFLICT (id) DO NOTHING;

INSERT INTO public.products (id, name, slug, description, price, old_price, images, is_featured, is_bestseller, stock_quantity, created_at, updated_at, product_type, active, config, config_status, config_version, config_updated_at, seo_title, seo_description, seo_keywords, meta_robots, canonical_url, og_title, og_description, og_image, content_sections, features, specifications, trust_badges, average_rating, review_count, featured_index, featured_image, fixed_price) VALUES ('8432dcdb-fe71-43d7-86b5-042a0d6ff1cd', 'Canvas Poster for Special Day', 'nature-serenity-canvas', 'Peaceful nature scene on canvas', 0.20, 0.18, '{https://images.unsplash.com/photo-1731251447169-1be7bfdc9d0f?crop=entropy&cs=tinysrgb&fit=max&fm=jpg&w=1080}', false, false, 0, '2025-10-26 13:21:15.02018+00', '2026-05-07 19:50:26.159775+00', 'canvas', false, '{"version": 5, "sizePrices": {"2289096d-4ab8-429a-bc36-9772336e7b45": 5, "37cbcaf0-d804-4776-ad68-2feba10f3938": 5, "5fafd574-0c03-4a02-b4c6-3044de6d3a3e": 10, "86644a2f-8c24-4c76-b5b5-1dbf013974d5": 50, "b8d3468e-283a-4667-86e1-0f8bedfab78e": 3.99, "b909d248-018c-4776-b271-4b1f540fdd74": 3, "bc4153c8-8b09-4ea9-bd40-83e4ddf4a1e9": 12, "f56496cd-3345-437d-91a3-5ececdf2d5e6": 500}, "allowedSizes": ["b909d248-018c-4776-b271-4b1f540fdd74", "b8d3468e-283a-4667-86e1-0f8bedfab78e", "37cbcaf0-d804-4776-ad68-2feba10f3938", "5fafd574-0c03-4a02-b4c6-3044de6d3a3e", "2289096d-4ab8-429a-bc36-9772336e7b45", "bc4153c8-8b09-4ea9-bd40-83e4ddf4a1e9", "86644a2f-8c24-4c76-b5b5-1dbf013974d5", "f56496cd-3345-437d-91a3-5ececdf2d5e6"], "allowedRatios": ["352eec85-52e8-455d-9b79-ea3e2351f894", "c6989e64-bd23-4cee-95e0-a5b2b23832b3", "e5a19274-667f-48f2-af24-18acf0bd22a2", "607972e3-4f2b-4f76-adb4-0574230bfbf6", "672aee1b-8d97-4b2f-a122-e0ca5cdfb7f3", "7f1c62d9-51d0-4452-bfce-dc59f5d46cd5", "ed36b158-80c9-4b92-ba96-269ae5b222b0", "4b1ef970-6bba-417d-a790-d0ce448771d7", "c25e4b18-baeb-4fc0-9344-3f1f7dd60abb", "057ad52e-c470-4def-81cb-afd5434bc857", "b0cf1e00-d7df-4621-a719-8b51ecc07128", "d5f3c059-03e3-4ef3-afd8-b4d13315c60c"], "configurerType": "poster-collage"}', 'active', 5, '2026-03-30 14:28:25.782+00', '', '', '{}', 'index,follow', '', '', '', '', '[]', '[]', '[{"label": "test label", "value": "test value"}]', '[{"icon": "Shield", "title": "Hello", "subtitle": "World"}]', 4.3, 3, NULL, NULL, 150.00) ON CONFLICT (id) DO NOTHING;

-- -----------------------------------------------------------------------------
-- 9. art_products
-- -----------------------------------------------------------------------------
INSERT INTO public.art_products (id, name, slug, description, image, category, price, size, is_bestseller, created_at, updated_at, images, product_type, customization_product_id, allow_customization, meta_title, meta_description, meta_keywords, features, specifications, trust_badges, available_sizes, stock_quantity, status) VALUES ('b3ec5046-5875-4241-99f7-d66576257cba', 'Ocean Dreams', 'ocean-dreams', NULL, 'https://images.unsplash.com/photo-1744096641619-646e1f6fbcd5?w=1080', 'Abstract', '£68.00', '50cm x 70cm', true, '2025-10-22 11:32:20.282838+00', '2026-02-01 02:52:33.152129+00', '{https://images.unsplash.com/photo-1744096641619-646e1f6fbcd5?w=1080,https://mhlmbpnyckrqyznwmbwo.supabase.co/storage/v1/object/public/photify/art-products/1769066054073-sxso5r.png}', 'Canvas', '8432dcdb-fe71-43d7-86b5-042a0d6ff1cd', true, 'Ocean Dreams - Art Print', 'Beautiful Ocean Dreams art print available in multiple sizes.', '{}', '[]', '[]', '[]', '[{"price": 12, "size_id": "7700c0ca-2514-4c74-8294-c20361eb02ee", "image_url": "https://mhlmbpnyckrqyznwmbwo.supabase.co/storage/v1/object/public/photify/art-products/1761748679594-jf3q7.png"}, {"price": 12, "size_id": "8183b3c0-6d0c-4e3a-93f2-c920daf98d9d", "image_url": "https://mhlmbpnyckrqyznwmbwo.supabase.co/storage/v1/object/public/photify/art-products/1761748718332-9vf7y.png"}]', 50, 'active') ON CONFLICT (id) DO NOTHING;

INSERT INTO public.art_products (id, name, slug, description, image, category, price, size, is_bestseller, created_at, updated_at, images, product_type, customization_product_id, allow_customization, meta_title, meta_description, meta_keywords, features, specifications, trust_badges, available_sizes, stock_quantity, status) VALUES ('1ee4b63b-6a41-4513-88ac-c39f9e910c33', 'Sunset Waves', 'sunset-waves', E'Redlining: In architecture and engineering, "redlines" are printed drawings marked up with red ink to indicate errors, changes, or revisions. This process is essential for quality control before construction begins.\n', 'https://images.unsplash.com/photo-1744096641619-646e1f6fbcd5?w=1080', 'Abstract', '£82.00', '60cm x 80cm', false, '2025-10-22 11:32:20.282838+00', '2026-02-24 10:32:26.193846+00', '{https://images.unsplash.com/photo-1744096641619-646e1f6fbcd5?w=1080}', 'Canvas', NULL, false, 'Sunset Waves - Art Print', 'Beautiful Sunset Waves art print available in multiple sizes.', '{}', '[]', '[]', '[]', '[]', 50, 'active') ON CONFLICT (id) DO NOTHING;

INSERT INTO public.art_products (id, name, slug, description, image, category, price, size, is_bestseller, created_at, updated_at, images, product_type, customization_product_id, allow_customization, meta_title, meta_description, meta_keywords, features, specifications, trust_badges, available_sizes, stock_quantity, status) VALUES ('4daf1ae1-f05e-4f69-b703-ca1a93d7d55d', 'Buddha Canvas', 'buddha-0yjgur', 'Buddha', 'https://mhlmbpnyckrqyznwmbwo.supabase.co/storage/v1/object/public/photify/art-products/1778788317233-gblw1rs.jpg', 'Uncategorized', '£0.00', '', false, '2026-05-14 19:51:59.013896+00', '2026-05-14 20:02:40.678523+00', '{https://mhlmbpnyckrqyznwmbwo.supabase.co/storage/v1/object/public/photify/art-products/1778788317233-gblw1rs.jpg,https://mhlmbpnyckrqyznwmbwo.supabase.co/storage/v1/object/public/photify/art-product-mockups/4daf1ae1-f05e-4f69-b703-ca1a93d7d55d/1778788853905-xobderq.png}', 'Canvas', NULL, false, NULL, NULL, '{}', '[]', '[]', '[]', '[]', 0, 'active') ON CONFLICT (id) DO NOTHING;

INSERT INTO public.art_products (id, name, slug, description, image, category, price, size, is_bestseller, created_at, updated_at, images, product_type, customization_product_id, allow_customization, meta_title, meta_description, meta_keywords, features, specifications, trust_badges, available_sizes, stock_quantity, status) VALUES ('bb1e8ae7-aec9-420c-94bb-c66d2039245d', 'Lord Ganesha Ganesh Canvas', 'ganesh-ji-ibvnmp', NULL, 'https://mhlmbpnyckrqyznwmbwo.supabase.co/storage/v1/object/public/photify/art-products/1778789331416-lbrwmzm.jpg', 'Uncategorized', '£0.00', '', false, '2026-05-14 20:08:52.543836+00', '2026-05-14 20:17:30.40006+00', '{https://mhlmbpnyckrqyznwmbwo.supabase.co/storage/v1/object/public/photify/art-products/1778789331416-lbrwmzm.jpg,https://mhlmbpnyckrqyznwmbwo.supabase.co/storage/v1/object/public/photify/art-product-mockups/bb1e8ae7-aec9-420c-94bb-c66d2039245d/1778789840176-fru2b8y.png}', 'Canvas', NULL, false, NULL, NULL, '{}', '[]', '[]', '[]', '[]', 0, 'active') ON CONFLICT (id) DO NOTHING;

INSERT INTO public.art_products (id, name, slug, description, image, category, price, size, is_bestseller, created_at, updated_at, images, product_type, customization_product_id, allow_customization, meta_title, meta_description, meta_keywords, features, specifications, trust_badges, available_sizes, stock_quantity, status) VALUES ('464c19e6-289c-4d79-9ded-678f1fae4f4c', '7 Horse Enhanced', '7-horse-enhanced-yu2eka', 'dfg', 'https://mhlmbpnyckrqyznwmbwo.supabase.co/storage/v1/object/public/photify/art-products/1778790178870-h0d49uk.png', 'Uncategorized', '£0.00', '', false, '2026-05-14 20:23:01.590001+00', '2026-05-14 20:23:49.579443+00', '{https://mhlmbpnyckrqyznwmbwo.supabase.co/storage/v1/object/public/photify/art-products/1778790178870-h0d49uk.png,https://mhlmbpnyckrqyznwmbwo.supabase.co/storage/v1/object/public/photify/art-product-mockups/464c19e6-289c-4d79-9ded-678f1fae4f4c/1778790216249-2xw1spu.png}', 'Canvas', NULL, false, NULL, NULL, '{}', '[]', '[]', '[]', '[]', 0, 'active') ON CONFLICT (id) DO NOTHING;

-- -----------------------------------------------------------------------------
-- 10. product_categories
-- -----------------------------------------------------------------------------
INSERT INTO public.product_categories (id, product_id, category_id, created_at) VALUES ('f2bed2cd-8b0c-4bcb-a8fd-399b6ad6abb9', '62bf2021-be35-418f-b498-1587cf23d10f', '22222222-2222-2222-2222-222222222222', '2025-10-28 13:02:03.962463+00') ON CONFLICT (id) DO NOTHING;
INSERT INTO public.product_categories (id, product_id, category_id, created_at) VALUES ('1415e75a-202d-4b6e-9041-dc4d2d7b306a', '62bf2021-be35-418f-b498-1587cf23d10f', '11111111-1111-1111-1111-111111111111', '2025-10-28 13:02:03.962463+00') ON CONFLICT (id) DO NOTHING;
INSERT INTO public.product_categories (id, product_id, category_id, created_at) VALUES ('da15edf9-2ea8-4266-b90a-661010b867d7', '00845beb-23c6-4d3b-8f55-a62eb956f182', '22222222-2222-2222-2222-222222222222', '2025-11-02 19:19:11.142805+00') ON CONFLICT (id) DO NOTHING;
INSERT INTO public.product_categories (id, product_id, category_id, created_at) VALUES ('909f49f0-6772-413a-b137-f4635cec17a3', '00845beb-23c6-4d3b-8f55-a62eb956f182', '11111111-1111-1111-1111-111111111111', '2025-11-02 19:19:11.142805+00') ON CONFLICT (id) DO NOTHING;
INSERT INTO public.product_categories (id, product_id, category_id, created_at) VALUES ('e461a2fe-178c-49fd-8910-dea1aa4caf1d', '8432dcdb-fe71-43d7-86b5-042a0d6ff1cd', '33333333-3333-3333-3333-333333333333', '2026-01-21 09:26:12.387398+00') ON CONFLICT (id) DO NOTHING;
INSERT INTO public.product_categories (id, product_id, category_id, created_at) VALUES ('8c8768f1-f988-474c-9023-75d46aaf6dff', 'ae6442ed-4ad2-4d55-92ec-0cfe77423452', '33333333-3333-3333-3333-333333333333', '2026-04-20 14:45:42.084833+00') ON CONFLICT (id) DO NOTHING;
INSERT INTO public.product_categories (id, product_id, category_id, created_at) VALUES ('389a90b8-84c2-4709-9301-1e86aa3b0d96', 'ae6442ed-4ad2-4d55-92ec-0cfe77423452', '22222222-2222-2222-2222-222222222222', '2026-04-20 14:45:42.084833+00') ON CONFLICT (id) DO NOTHING;
INSERT INTO public.product_categories (id, product_id, category_id, created_at) VALUES ('3c683884-9e47-4797-821f-15f07482c844', 'ae6442ed-4ad2-4d55-92ec-0cfe77423452', '11111111-1111-1111-1111-111111111111', '2026-04-20 14:45:42.084833+00') ON CONFLICT (id) DO NOTHING;

-- -----------------------------------------------------------------------------
-- 11. product_tags
-- -----------------------------------------------------------------------------
INSERT INTO public.product_tags (id, product_id, tag_id, created_at) VALUES ('a5706e79-211c-4b8a-a1f0-c1a6df55808d', '00845beb-23c6-4d3b-8f55-a62eb956f182', 'ac071ce9-a573-4254-8949-bb70e80719e3', '2025-10-30 18:22:24.137502+00') ON CONFLICT (id) DO NOTHING;
INSERT INTO public.product_tags (id, product_id, tag_id, created_at) VALUES ('4009aa5c-c8b7-4bdd-897c-f7dc8c2fa889', '00845beb-23c6-4d3b-8f55-a62eb956f182', '83d6dae5-2157-4b83-a59e-5dc42c3486ee', '2025-10-30 18:22:24.137502+00') ON CONFLICT (id) DO NOTHING;
INSERT INTO public.product_tags (id, product_id, tag_id, created_at) VALUES ('a9effa64-1b63-44e5-9fbe-cf68b11a10c3', '62bf2021-be35-418f-b498-1587cf23d10f', 'ac071ce9-a573-4254-8949-bb70e80719e3', '2026-01-22 07:13:11.197792+00') ON CONFLICT (id) DO NOTHING;
INSERT INTO public.product_tags (id, product_id, tag_id, created_at) VALUES ('e90844ea-b6f5-4972-809c-9a7d916f7a93', '62bf2021-be35-418f-b498-1587cf23d10f', '83d6dae5-2157-4b83-a59e-5dc42c3486ee', '2026-01-22 07:13:11.197792+00') ON CONFLICT (id) DO NOTHING;
INSERT INTO public.product_tags (id, product_id, tag_id, created_at) VALUES ('a4abb982-f1f3-474a-900c-6960265a557d', 'ae6442ed-4ad2-4d55-92ec-0cfe77423452', 'ac071ce9-a573-4254-8949-bb70e80719e3', '2026-01-26 05:33:59.436881+00') ON CONFLICT (id) DO NOTHING;

-- -----------------------------------------------------------------------------
-- 12. art_product_tags
-- -----------------------------------------------------------------------------
INSERT INTO public.art_product_tags (id, art_product_id, tag_id, created_at) VALUES ('f0076cca-5449-4f58-b353-baa23ee4a446', '1ee4b63b-6a41-4513-88ac-c39f9e910c33', 'ac071ce9-a573-4254-8949-bb70e80719e3', '2026-02-24 10:30:11.133896+00') ON CONFLICT (id) DO NOTHING;
INSERT INTO public.art_product_tags (id, art_product_id, tag_id, created_at) VALUES ('c3aa18a9-4b3a-43c5-b87f-5bf5df952b61', 'b3ec5046-5875-4241-99f7-d66576257cba', 'ac071ce9-a573-4254-8949-bb70e80719e3', '2026-05-12 19:59:33.883178+00') ON CONFLICT (id) DO NOTHING;
INSERT INTO public.art_product_tags (id, art_product_id, tag_id, created_at) VALUES ('b7288975-8aa1-497d-b55c-79c5ed59d58b', 'b3ec5046-5875-4241-99f7-d66576257cba', '83d6dae5-2157-4b83-a59e-5dc42c3486ee', '2026-05-12 19:59:33.883178+00') ON CONFLICT (id) DO NOTHING;
INSERT INTO public.art_product_tags (id, art_product_id, tag_id, created_at) VALUES ('a92ed73f-9254-48fb-aa04-6f66d4dd39af', 'b3ec5046-5875-4241-99f7-d66576257cba', 'ad66ed30-3bc7-40c5-9857-ec6f4d331391', '2026-05-12 19:59:33.883178+00') ON CONFLICT (id) DO NOTHING;
INSERT INTO public.art_product_tags (id, art_product_id, tag_id, created_at) VALUES ('ab400d62-f0b6-45c8-b8d8-39150d0f2ed5', '4daf1ae1-f05e-4f69-b703-ca1a93d7d55d', 'ac071ce9-a573-4254-8949-bb70e80719e3', '2026-05-14 20:02:40.790834+00') ON CONFLICT (id) DO NOTHING;
INSERT INTO public.art_product_tags (id, art_product_id, tag_id, created_at) VALUES ('e286aaeb-78d5-4bc1-8ecb-b05006dc8eab', 'bb1e8ae7-aec9-420c-94bb-c66d2039245d', 'ac071ce9-a573-4254-8949-bb70e80719e3', '2026-05-14 20:17:30.622844+00') ON CONFLICT (id) DO NOTHING;
INSERT INTO public.art_product_tags (id, art_product_id, tag_id, created_at) VALUES ('328a0512-654b-4171-b6f6-4013d29289f3', '464c19e6-289c-4d79-9ded-678f1fae4f4c', 'ad66ed30-3bc7-40c5-9857-ec6f4d331391', '2026-05-14 20:23:49.729751+00') ON CONFLICT (id) DO NOTHING;
INSERT INTO public.art_product_tags (id, art_product_id, tag_id, created_at) VALUES ('ee1aa140-0fb1-430e-aca0-0d674f6ac854', '464c19e6-289c-4d79-9ded-678f1fae4f4c', '4baad6e0-5e9f-4043-a668-5015820d680b', '2026-05-14 20:23:49.729751+00') ON CONFLICT (id) DO NOTHING;

-- -----------------------------------------------------------------------------
-- 13. room_hotspots
-- -----------------------------------------------------------------------------
INSERT INTO public.room_hotspots (id, room_id, product_id, art_product_id, position_x, position_y, display_order, label, is_active, created_at, updated_at, art_size_id) VALUES ('15fe44b1-b800-44f8-8460-91b4f2c0b1c6', '5f245b68-87a8-41bc-8af8-88e9a65f8d25', NULL, '1ee4b63b-6a41-4513-88ac-c39f9e910c33', 15.00, 60.00, 5, NULL, true, '2025-10-29 13:11:20.606301+00', '2025-10-29 13:11:20.606301+00', NULL) ON CONFLICT (id) DO NOTHING;
INSERT INTO public.room_hotspots (id, room_id, product_id, art_product_id, position_x, position_y, display_order, label, is_active, created_at, updated_at, art_size_id) VALUES ('f6a40546-b92e-416a-a6ca-4e6f7ec34517', '2a8edb59-d385-4ffc-9d3c-b46054f6112d', '00845beb-23c6-4d3b-8f55-a62eb956f182', NULL, 50.00, 50.00, 1, NULL, true, '2025-10-29 14:21:08.943593+00', '2025-10-29 14:21:08.943593+00', NULL) ON CONFLICT (id) DO NOTHING;
INSERT INTO public.room_hotspots (id, room_id, product_id, art_product_id, position_x, position_y, display_order, label, is_active, created_at, updated_at, art_size_id) VALUES ('188250f5-0a7d-4400-b71b-fe72eab5ef9d', '5fe4217a-3907-47db-b0ef-ad43a6ff5683', '6d1ad643-ebc5-4208-a8d3-d109ac20c998', NULL, 31.79, 48.26, 1, NULL, true, '2026-01-21 09:54:01.011785+00', '2026-01-21 09:54:01.011785+00', NULL) ON CONFLICT (id) DO NOTHING;
INSERT INTO public.room_hotspots (id, room_id, product_id, art_product_id, position_x, position_y, display_order, label, is_active, created_at, updated_at, art_size_id) VALUES ('ecf91f10-efd5-4767-a4ad-4825a192b4ab', '5fe4217a-3907-47db-b0ef-ad43a6ff5683', '6d1ad643-ebc5-4208-a8d3-d109ac20c998', NULL, 31.79, 48.26, 1, NULL, true, '2026-01-21 09:54:01.468817+00', '2026-01-21 09:54:01.468817+00', NULL) ON CONFLICT (id) DO NOTHING;
INSERT INTO public.room_hotspots (id, room_id, product_id, art_product_id, position_x, position_y, display_order, label, is_active, created_at, updated_at, art_size_id) VALUES ('54fd54e1-e33a-46e7-a97b-3668c50d7c94', '5fe4217a-3907-47db-b0ef-ad43a6ff5683', '8432dcdb-fe71-43d7-86b5-042a0d6ff1cd', NULL, 55.04, 55.71, 3, NULL, true, '2026-01-22 07:19:08.502675+00', '2026-01-22 07:19:08.502675+00', NULL) ON CONFLICT (id) DO NOTHING;
INSERT INTO public.room_hotspots (id, room_id, product_id, art_product_id, position_x, position_y, display_order, label, is_active, created_at, updated_at, art_size_id) VALUES ('d4ebb3f1-41ec-486a-9102-efb7e8d77d2d', '5fe4217a-3907-47db-b0ef-ad43a6ff5683', 'ae6442ed-4ad2-4d55-92ec-0cfe77423452', NULL, 55.04, 55.71, 4, 'Featured Artwork', true, '2026-01-22 07:20:02.808471+00', '2026-01-22 07:20:02.808471+00', NULL) ON CONFLICT (id) DO NOTHING;
INSERT INTO public.room_hotspots (id, room_id, product_id, art_product_id, position_x, position_y, display_order, label, is_active, created_at, updated_at, art_size_id) VALUES ('1dcc1ecd-841d-4c61-b728-30914e4c5b11', '5f245b68-87a8-41bc-8af8-88e9a65f8d25', NULL, 'b3ec5046-5875-4241-99f7-d66576257cba', 50.00, 50.00, 2, NULL, true, '2025-10-29 14:42:02.843861+00', '2026-04-17 17:43:30.319176+00', NULL) ON CONFLICT (id) DO NOTHING;
INSERT INTO public.room_hotspots (id, room_id, product_id, art_product_id, position_x, position_y, display_order, label, is_active, created_at, updated_at, art_size_id) VALUES ('3d5dae1f-c0d6-461c-ba31-f8fd7ea1a9c8', '2a8edb59-d385-4ffc-9d3c-b46054f6112d', NULL, 'b3ec5046-5875-4241-99f7-d66576257cba', 25.73, 20.36, 2, NULL, true, '2025-10-30 11:53:53.04696+00', '2026-04-17 17:43:32.61711+00', NULL) ON CONFLICT (id) DO NOTHING;
INSERT INTO public.room_hotspots (id, room_id, product_id, art_product_id, position_x, position_y, display_order, label, is_active, created_at, updated_at, art_size_id) VALUES ('8f340a54-bd2a-4e3c-b974-32be6f844c02', '0f44a445-4e73-4b1b-a629-41cb5f413c99', NULL, 'b3ec5046-5875-4241-99f7-d66576257cba', 58.06, 64.92, 1, NULL, true, '2025-10-30 20:33:12.075712+00', '2026-04-17 17:43:32.61711+00', NULL) ON CONFLICT (id) DO NOTHING;
INSERT INTO public.room_hotspots (id, room_id, product_id, art_product_id, position_x, position_y, display_order, label, is_active, created_at, updated_at, art_size_id) VALUES ('5ecbe319-dd79-4dfd-a171-8ddd536eee53', '5f245b68-87a8-41bc-8af8-88e9a65f8d25', NULL, 'b3ec5046-5875-4241-99f7-d66576257cba', 78.01, 4.66, 3, NULL, true, '2026-02-26 06:08:22.052753+00', '2026-04-17 17:43:32.61711+00', NULL) ON CONFLICT (id) DO NOTHING;

-- -----------------------------------------------------------------------------
-- 14. product_reviews
-- -----------------------------------------------------------------------------
INSERT INTO public.product_reviews (id, product_id, art_product_id, customer_id, order_id, customer_name, customer_email, rating, title, review_text, verified_purchase, helpful_count, status, admin_response, admin_responded_at, created_at, updated_at) VALUES ('6c391314-f984-484a-ad61-6d40759f7c8d', '6d1ad643-ebc5-4208-a8d3-d109ac20c998', NULL, NULL, NULL, 'Michael Chen', 'michael@example.com', 5, 'Perfect quality', 'Ordered a large canvas for our office. The print quality is exceptional and it arrived well packaged. Will definitely order again!', true, 8, 'approved', NULL, NULL, '2025-10-29 13:18:23.762646+00', '2025-10-29 13:18:23.762646+00') ON CONFLICT (id) DO NOTHING;
INSERT INTO public.product_reviews (id, product_id, art_product_id, customer_id, order_id, customer_name, customer_email, rating, title, review_text, verified_purchase, helpful_count, status, admin_response, admin_responded_at, created_at, updated_at) VALUES ('1a754ce1-12bb-4fc9-8aed-a7c335cd9f69', '6d1ad643-ebc5-4208-a8d3-d109ac20c998', NULL, NULL, NULL, 'Emma Wilson', 'emma@example.com', 4, 'Great product, slight delay', 'Love the final product! Canvas quality is excellent. Only giving 4 stars because delivery took a bit longer than expected, but worth the wait.', true, 5, 'approved', NULL, NULL, '2025-10-29 13:18:23.762646+00', '2025-10-29 13:18:23.762646+00') ON CONFLICT (id) DO NOTHING;
INSERT INTO public.product_reviews (id, product_id, art_product_id, customer_id, order_id, customer_name, customer_email, rating, title, review_text, verified_purchase, helpful_count, status, admin_response, admin_responded_at, created_at, updated_at) VALUES ('14e53271-ece7-43a9-a2d6-88c62887dc25', '6d1ad643-ebc5-4208-a8d3-d109ac20c998', NULL, NULL, NULL, 'James Brown', 'james@example.com', 5, 'Customer for life!', 'This is my third order and they never disappoint. The custom sizing option is perfect for my unique space. Photo quality is crystal clear.', true, 15, 'approved', NULL, NULL, '2025-10-29 13:18:23.762646+00', '2025-10-29 13:18:23.762646+00') ON CONFLICT (id) DO NOTHING;
INSERT INTO public.product_reviews (id, product_id, art_product_id, customer_id, order_id, customer_name, customer_email, rating, title, review_text, verified_purchase, helpful_count, status, admin_response, admin_responded_at, created_at, updated_at) VALUES ('367188cd-6eab-449f-8149-461c4f4b5e1d', '6d1ad643-ebc5-4208-a8d3-d109ac20c998', NULL, NULL, NULL, 'Lisa Anderson', 'lisa@example.com', 4, 'Beautiful canvas', 'Really happy with the canvas print. The only minor issue was a tiny mark on the edge, but it''s not very noticeable. Overall great value!', true, 3, 'approved', NULL, NULL, '2025-10-29 13:18:23.762646+00', '2025-10-29 13:18:23.762646+00') ON CONFLICT (id) DO NOTHING;
INSERT INTO public.product_reviews (id, product_id, art_product_id, customer_id, order_id, customer_name, customer_email, rating, title, review_text, verified_purchase, helpful_count, status, admin_response, admin_responded_at, created_at, updated_at) VALUES ('543bebb3-d1e5-48dc-a60a-7c4db1a05062', '8432dcdb-fe71-43d7-86b5-042a0d6ff1cd', NULL, NULL, NULL, 'David Martinez', 'david@example.com', 5, 'Exactly what I wanted', 'The customization process was so easy! My photo looks incredible printed on canvas. Everyone who visits asks where I got it!', true, 9, 'approved', NULL, NULL, '2025-10-29 13:18:23.762646+00', '2025-10-29 13:18:23.762646+00') ON CONFLICT (id) DO NOTHING;
INSERT INTO public.product_reviews (id, product_id, art_product_id, customer_id, order_id, customer_name, customer_email, rating, title, review_text, verified_purchase, helpful_count, status, admin_response, admin_responded_at, created_at, updated_at) VALUES ('5cf1d2eb-eeae-4539-b6db-6411213eb06a', '8432dcdb-fe71-43d7-86b5-042a0d6ff1cd', NULL, NULL, NULL, 'Sophie Taylor', 'sophie@example.com', 5, 'Amazing gift idea', 'Bought this as a gift for my parents'' anniversary. They loved it! The packaging was beautiful and the quality is top-notch.', true, 11, 'approved', NULL, NULL, '2025-10-29 13:18:23.762646+00', '2025-10-29 13:18:23.762646+00') ON CONFLICT (id) DO NOTHING;
INSERT INTO public.product_reviews (id, product_id, art_product_id, customer_id, order_id, customer_name, customer_email, rating, title, review_text, verified_purchase, helpful_count, status, admin_response, admin_responded_at, created_at, updated_at) VALUES ('4abdf555-f914-480b-9a1d-e8eb3548295e', '8432dcdb-fe71-43d7-86b5-042a0d6ff1cd', NULL, NULL, NULL, 'Ryan O''Connor', 'ryan@example.com', 3, 'Good but could be better', 'The canvas itself is nice, but I felt the colors were slightly different from what I uploaded. Still looks good though.', true, 2, 'approved', NULL, NULL, '2025-10-29 13:18:23.762646+00', '2025-10-29 13:18:23.762646+00') ON CONFLICT (id) DO NOTHING;
INSERT INTO public.product_reviews (id, product_id, art_product_id, customer_id, order_id, customer_name, customer_email, rating, title, review_text, verified_purchase, helpful_count, status, admin_response, admin_responded_at, created_at, updated_at) VALUES ('aedc3b69-6cd1-45a1-959c-3aa4bafb8c64', NULL, 'b3ec5046-5875-4241-99f7-d66576257cba', NULL, NULL, 'Alexandra Green', 'alex@example.com', 5, 'Beautiful artwork!', 'This piece is absolutely gorgeous. The colors are rich and the quality is museum-worthy. Perfect for my bedroom!', true, 7, 'approved', NULL, NULL, '2025-10-29 13:18:23.762646+00', '2025-10-29 13:18:23.762646+00') ON CONFLICT (id) DO NOTHING;
INSERT INTO public.product_reviews (id, product_id, art_product_id, customer_id, order_id, customer_name, customer_email, rating, title, review_text, verified_purchase, helpful_count, status, admin_response, admin_responded_at, created_at, updated_at) VALUES ('767cc361-609b-49af-aa90-c281f203caf1', NULL, 'b3ec5046-5875-4241-99f7-d66576257cba', NULL, NULL, 'Tom Harris', 'tom@example.com', 4, 'Very nice', 'Really like this print. Good quality and fast delivery. Would buy again.', true, 4, 'approved', NULL, NULL, '2025-10-29 13:18:23.762646+00', '2025-10-29 13:18:23.762646+00') ON CONFLICT (id) DO NOTHING;
INSERT INTO public.product_reviews (id, product_id, art_product_id, customer_id, order_id, customer_name, customer_email, rating, title, review_text, verified_purchase, helpful_count, status, admin_response, admin_responded_at, created_at, updated_at) VALUES ('72049149-8a42-473e-9ccf-327b25e0d48d', '6d1ad643-ebc5-4208-a8d3-d109ac20c998', NULL, NULL, NULL, 'John Pending', 'john@example.com', 5, 'Waiting for approval', 'Just received my order and it looks great! Can''t wait for this review to be approved.', false, 0, 'pending', NULL, NULL, '2025-10-29 13:18:23.762646+00', '2025-10-29 13:18:23.762646+00') ON CONFLICT (id) DO NOTHING;
INSERT INTO public.product_reviews (id, product_id, art_product_id, customer_id, order_id, customer_name, customer_email, rating, title, review_text, verified_purchase, helpful_count, status, admin_response, admin_responded_at, created_at, updated_at) VALUES ('3feb73f7-5142-4b8d-947b-5ad716d1c874', '6d1ad643-ebc5-4208-a8d3-d109ac20c998', NULL, NULL, NULL, 'Sarah Johnson', 'sarah@example.com', 5, 'Absolutely stunning!', 'The quality exceeded my expectations. The canvas looks amazing on my living room wall. Colors are vibrant and the frame is very well made. Highly recommend!', true, 12, 'approved', NULL, NULL, '2025-10-29 13:18:23.762646+00', '2026-04-17 15:54:35.701656+00') ON CONFLICT (id) DO NOTHING;

COMMIT;

-- =============================================================================
-- Verification queries (optional - run these to confirm seed worked)
-- =============================================================================
-- SELECT 'tags' AS table_name, COUNT(*) FROM public.tags
-- UNION ALL SELECT 'aspect_ratios', COUNT(*) FROM public.aspect_ratios
-- UNION ALL SELECT 'sizes', COUNT(*) FROM public.sizes
-- UNION ALL SELECT 'categories', COUNT(*) FROM public.categories
-- UNION ALL SELECT 'rooms', COUNT(*) FROM public.rooms
-- UNION ALL SELECT 'promotions', COUNT(*) FROM public.promotions
-- UNION ALL SELECT 'site_settings', COUNT(*) FROM public.site_settings
-- UNION ALL SELECT 'products', COUNT(*) FROM public.products
-- UNION ALL SELECT 'art_products', COUNT(*) FROM public.art_products
-- UNION ALL SELECT 'product_categories', COUNT(*) FROM public.product_categories
-- UNION ALL SELECT 'product_tags', COUNT(*) FROM public.product_tags
-- UNION ALL SELECT 'art_product_tags', COUNT(*) FROM public.art_product_tags
-- UNION ALL SELECT 'room_hotspots', COUNT(*) FROM public.room_hotspots
-- UNION ALL SELECT 'product_reviews', COUNT(*) FROM public.product_reviews
-- ORDER BY table_name;

